{"cameraMode":{"drawMode":0,"name":"Shaded","section":"Shading Mode"},"sceneLighting":false,"audioPlay":false,"sceneViewState":{"showFog":true,"showMaterialUpdate":false,"showSkybox":false,"showFlares":true,"showImageEffects":true,"showParticleSystems":true},"in2DMode":false,"pivot":{"x":3.124000072479248,"y":1.3346004486083985,"z":3.953000068664551},"rotation":{"x":-0.038214437663555148,"y":0.924511730670929,"z":-0.09631949663162232,"w":-0.3667972683906555},"size":1.5377908945083619,"orthographic":false}