{"cameraMode":{"drawMode":0,"name":"Shaded","section":"Shading Mode"},"sceneLighting":false,"audioPlay":false,"sceneViewState":{"showFog":true,"showMaterialUpdate":false,"showSkybox":false,"showFlares":true,"showImageEffects":true,"showParticleSystems":true},"in2DMode":false,"pivot":{"x":0.29257479310035708,"y":0.45123231410980227,"z":0.9566077589988709},"rotation":{"x":-0.04035620391368866,"y":0.08084508776664734,"z":0.0032760174944996835,"w":0.9959042072296143},"size":2.666025161743164,"orthographic":false}