{
    "name": "root",
    "gauges": {
        "BombermanAIBehavior.Policy.Entropy.mean": {
            "value": 1.353479266166687,
            "min": 1.353479266166687,
            "max": 1.353479266166687,
            "count": 1
        },
        "BombermanAIBehavior.Policy.Entropy.sum": {
            "value": 3020.9658203125,
            "min": 3020.9658203125,
            "max": 3020.9658203125,
            "count": 1
        },
        "BombermanAIBehavior.Environment.EpisodeLength.mean": {
            "value": 60.31578947368421,
            "min": 60.31578947368421,
            "max": 60.31578947368421,
            "count": 1
        },
        "BombermanAIBehavior.Environment.EpisodeLength.sum": {
            "value": 1146.0,
            "min": 1146.0,
            "max": 1146.0,
            "count": 1
        },
        "BombermanAIBehavior.Step.mean": {
            "value": 184971.0,
            "min": 184971.0,
            "max": 184971.0,
            "count": 1
        },
        "BombermanAIBehavior.Step.sum": {
            "value": 184971.0,
            "min": 184971.0,
            "max": 184971.0,
            "count": 1
        },
        "BombermanAIBehavior.Policy.ExtrinsicValueEstimate.mean": {
            "value": 7.307096481323242,
            "min": 7.307096481323242,
            "max": 7.307096481323242,
            "count": 1
        },
        "BombermanAIBehavior.Policy.ExtrinsicValueEstimate.sum": {
            "value": 131.52774047851562,
            "min": 131.52774047851562,
            "max": 131.52774047851562,
            "count": 1
        },
        "BombermanAIBehavior.Environment.CumulativeReward.mean": {
            "value": -1.7277777592341106,
            "min": -1.7277777592341106,
            "max": -1.7277777592341106,
            "count": 1
        },
        "BombermanAIBehavior.Environment.CumulativeReward.sum": {
            "value": -31.09999966621399,
            "min": -31.09999966621399,
            "max": -31.09999966621399,
            "count": 1
        },
        "BombermanAIBehavior.Policy.ExtrinsicReward.mean": {
            "value": -1.7277777592341106,
            "min": -1.7277777592341106,
            "max": -1.7277777592341106,
            "count": 1
        },
        "BombermanAIBehavior.Policy.ExtrinsicReward.sum": {
            "value": -31.09999966621399,
            "min": -31.09999966621399,
            "max": -31.09999966621399,
            "count": 1
        },
        "BombermanAIBehavior.IsTraining.mean": {
            "value": 1.0,
            "min": 1.0,
            "max": 1.0,
            "count": 1
        },
        "BombermanAIBehavior.IsTraining.sum": {
            "value": 1.0,
            "min": 1.0,
            "max": 1.0,
            "count": 1
        }
    },
    "metadata": {
        "timer_format_version": "0.1.0",
        "start_time_seconds": "1623670069",
        "python_version": "3.9.5 (tags/v3.9.5:0a7dcbd, May  3 2021, 17:27:52) [MSC v.1928 64 bit (AMD64)]",
        "command_line_arguments": "C:\\Users\\dawid\\AppData\\Local\\Programs\\Python\\Python39\\Scripts\\mlagents-learn config\\BombermanAIBehavior.yaml --run-id=Bombermanv0.2 --resume",
        "mlagents_version": "0.27.0",
        "mlagents_envs_version": "0.27.0",
        "communication_protocol_version": "1.5.0",
        "pytorch_version": "1.7.1+cu110",
        "numpy_version": "1.19.5",
        "end_time_seconds": "1623670147"
    },
    "total": 77.5295318,
    "count": 1,
    "self": 0.008583499999986088,
    "children": {
        "run_training.setup": {
            "total": 0.1838031,
            "count": 1,
            "self": 0.1838031
        },
        "TrainerController.start_learning": {
            "total": 77.33714520000001,
            "count": 1,
            "self": 0.00719600000000753,
            "children": {
                "TrainerController._reset_env": {
                    "total": 14.497525699999999,
                    "count": 1,
                    "self": 14.497525699999999
                },
                "TrainerController.advance": {
                    "total": 61.80777680000001,
                    "count": 199,
                    "self": 0.006806100000090964,
                    "children": {
                        "env_step": {
                            "total": 60.84324460000001,
                            "count": 199,
                            "self": 58.37752429999999,
                            "children": {
                                "SubprocessEnvManager._take_step": {
                                    "total": 2.460997199999955,
                                    "count": 199,
                                    "self": 0.02307039999990934,
                                    "children": {
                                        "TorchPolicy.evaluate": {
                                            "total": 2.437926800000046,
                                            "count": 185,
                                            "self": 0.31342279999999434,
                                            "children": {
                                                "TorchPolicy.sample_actions": {
                                                    "total": 2.1245040000000515,
                                                    "count": 185,
                                                    "self": 2.1245040000000515
                                                }
                                            }
                                        }
                                    }
                                },
                                "workers": {
                                    "total": 0.004723100000067149,
                                    "count": 199,
                                    "self": 0.0,
                                    "children": {
                                        "worker_root": {
                                            "total": 67.18549639999995,
                                            "count": 199,
                                            "is_parallel": true,
                                            "self": 9.441238000000006,
                                            "children": {
                                                "steps_from_proto": {
                                                    "total": 0.04477559999999947,
                                                    "count": 1,
                                                    "is_parallel": true,
                                                    "self": 0.00046639999999698034,
                                                    "children": {
                                                        "_process_maybe_compressed_observation": {
                                                            "total": 0.043494700000001885,
                                                            "count": 2,
                                                            "is_parallel": true,
                                                            "self": 0.0009684000000067527,
                                                            "children": {
                                                                "_observation_to_np_array": {
                                                                    "total": 0.04252629999999513,
                                                                    "count": 36,
                                                                    "is_parallel": true,
                                                                    "self": 0.0018498999999962962,
                                                                    "children": {
                                                                        "process_pixels": {
                                                                            "total": 0.040676399999998836,