{
    "name": "root",
    "gauges": {
        "BombermanAIBehavior.Policy.Entropy.mean": {
            "value": 2.7011284828186035,
            "min": 2.6881649494171143,
            "max": 2.792323589324951,
            "count": 10
        },
        "BombermanAIBehavior.Policy.Entropy.sum": {
            "value": 12641.28125,
            "min": 12405.416015625,
            "max": 18783.21875,
            "count": 10
        },
        "BombermanAIBehavior.Environment.EpisodeLength.mean": {
            "value": 88.0,
            "min": 85.81818181818181,
            "max": 145.71428571428572,
            "count": 10
        },
        "BombermanAIBehavior.Environment.EpisodeLength.sum": {
            "value": 4576.0,
            "min": 3776.0,
            "max": 5946.0,
            "count": 10
        },
        "BombermanAIBehavior.Step.mean": {
            "value": 49962.0,
            "min": 4977.0,
            "max": 49962.0,
            "count": 10
        },
        "BombermanAIBehavior.Step.sum": {
            "value": 49962.0,
            "min": 4977.0,
            "max": 49962.0,
            "count": 10
        },
        "BombermanAIBehavior.Policy.ExtrinsicValueEstimate.mean": {
            "value": -10.915094375610352,
            "min": -10.915094375610352,
            "max": -0.8685405254364014,
            "count": 10
        },
        "BombermanAIBehavior.Policy.ExtrinsicValueEstimate.sum": {
            "value": -905.9528198242188,
            "min": -912.7891845703125,
            "max": -73.82594299316406,
            "count": 10
        },
        "BombermanAIBehavior.Environment.CumulativeReward.mean": {
            "value": -23.096153882833626,
            "min": -37.26285719190325,
            "max": -21.588372119637423,
            "count": 10
        },
        "BombermanAIBehavior.Environment.CumulativeReward.sum": {
            "value": -1201.0000019073486,
            "min": -1505.3500020503998,
            "max": -928.3000011444092,
            "count": 10
        },
        "BombermanAIBehavior.Policy.ExtrinsicReward.mean": {
            "value": -23.096153882833626,
            "min": -37.26285719190325,
            "max": -21.588372119637423,
            "count": 10
        },
        "BombermanAIBehavior.Policy.ExtrinsicReward.sum": {
            "value": -1201.0000019073486,
            "min": -1505.3500020503998,
            "max": -928.3000011444092,
            "count": 10
        },
        "BombermanAIBehavior.IsTraining.mean": {
            "value": 1.0,
            "min": 1.0,
            "max": 1.0,
            "count": 10
        },
        "BombermanAIBehavior.IsTraining.sum": {
            "value": 1.0,
            "min": 1.0,
            "max": 1.0,
            "count": 10
        },
        "BombermanAIBehavior.Losses.PolicyLoss.mean": {
            "value": 0.02418037971656304,
            "min": 0.01923029461565117,
            "max": 0.02916515584802255,
            "count": 4
        },
        "BombermanAIBehavior.Losses.PolicyLoss.sum": {
            "value": 0.02418037971656304,
            "min": 0.01923029461565117,
            "max": 0.02916515584802255,
            "count": 4
        },
        "BombermanAIBehavior.Losses.ValueLoss.mean": {
            "value": 13.659601879119872,
            "min": 9.132855065663655,
            "max": 13.659601879119872,
            "count": 4
        },
        "BombermanAIBehavior.Losses.ValueLoss.sum": {
            "value": 13.659601879119872,
            "min": 9.132855065663655,
            "max": 13.659601879119872,
            "count": 4
        },
        "BombermanAIBehavior.Policy.LearningRate.mean": {
            "value": 0.00028762260412579997,
            "min": 0.00028762260412579997,
            "max": 0.00029689650103449997,
            "count": 4
        },
        "BombermanAIBehavior.Policy.LearningRate.sum": {
            "value": 0.00028762260412579997,
            "min": 0.00028762260412579997,
            "max": 0.00029689650103449997,
            "count": 4
        },
        "BombermanAIBehavior.Policy.Epsilon.mean": {
            "value": 0.19587420000000008,
            "min": 0.19587420000000008,
            "max": 0.1989655,
            "count": 4
        },
        "BombermanAIBehavior.Policy.Epsilon.sum": {
            "value": 0.19587420000000008,
            "min": 0.19587420000000008,
            "max": 0.1989655,
            "count": 4
        },
        "BombermanAIBehavior.Policy.Beta.mean": {
            "value": 0.00047978358000000013,
            "min": 0.00047978358000000013,
            "max": 0.00049493095,
            "count": 4
        },
        "BombermanAIBehavior.Policy.Beta.sum": {
            "value": 0.00047978358000000013,
            "min": 0.00047978358000000013,
            "max": 0.00049493095,
            "count": 4
        }
    },
    "metadata": {
        "timer_format_version": "0.1.0",
        "start_time_seconds": "1623965746",
        "python_version": "3.9.5 (tags/v3.9.5:0a7dcbd, May  3 2021, 17:27:52) [MSC v.1928 64 bit (AMD64)]",
        "command_line_arguments": "C:\\Users\\dawid\\AppData\\Local\\Programs\\Python\\Python39\\Scripts\\mlagents-learn config/BombermanAIBehavior.yaml --run-id=bombermanv0.4 --force",
        "mlagents_version": "0.27.0",
        "mlagents_envs_version": "0.27.0",
        "communication_protocol_version": "1.5.0",
        "pytorch_version": "1.7.1+cu110",
        "numpy_version": "1.19.5",
        "end_time_seconds": "1623966510"
    },
    "total": 763.8818232,
    "count": 1,
    "self": 0.007941200000004756,
    "children": {
        "run_training.setup": {
            "total": 0.18231010000000003,
            "count": 1,
            "self": 0.18231010000000003
        },
        "TrainerController.start_learning": {
            "total": 763.6915719,
            "count": 1,
            "self": 0.062342000000285225,
            "children": {
                "TrainerController._reset_env": {
                    "total": 16.0874668,
                    "count": 1,
                    "self": 16.0874668
                },
                "TrainerController.advance": {
                    "total": 746.5209907999997,
                    "count": 1891,
                    "self": 0.061668100000019876,
                    "children": {
                        "env_step": {
                            "total": 717.4316235000007,
                            "count": 1891,
                            "self": 705.1608536999987,
                            "children": {
                                "SubprocessEnvManager._take_step": {
                                    "total": 12.120387800001797,
                                    "count": 1891,
                                    "self": 0.19842510000029634,
                                    "children": {
                                        "TorchPolicy.evaluate": {
                                            "total": 11.921962700001501,
                                            "count": 1539,
                                            "self": 2.5953831000020067,
                                            "children": {
                                                "TorchPolicy.sample_actions": {
                                                    "total": 9.326579599999494,
                                                    "count": 1539,
                                                    "self": 9.326579599999494
                                                }
                                            }
                                        }
                                    }
                                },
                                "workers": {
                                    "total": 0.1503820000001248,
                                    "count": 1890,
                                    "self": 0.0,