{"count":1,"self":221.82384639999998,"total":406.1000866,"children":{"InitializeActuators":{"count":36,"self":0.0059499,"total":0.0059499,"children":null},"InitializeSensors":{"count":36,"self":0.019044699999999998,"total":0.019044699999999998,"children":null},"AgentSendState":{"count":6416,"self":1.3225232999999998,"total":77.280553099999992,"children":{"GridSensor.Update":{"count":46224,"self":65.8921344,"total":65.8921362,"children":null},"CollectObservations":{"count":46224,"self":0.53388689999999994,"total":0.53388689999999994,"children":null},"WriteActionMask":{"count":46224,"self":0.2516021,"total":0.2516021,"children":null},"RequestDecision":{"count":46224,"self":0.83407369999999992,"total":9.2804045999999989,"children":{"AgentInfo.ToProto":{"count":46224,"self":0.6861202,"total":8.4463309,"children":{"GenerateSensorData":{"count":46224,"self":2.6059267999999998,"total":7.7602107,"children":{"GridSensor.GetCompressedObservation":{"count":46224,"self":5.154284,"total":5.154284,"children":null}}}}}}}}},"DecideAction":{"count":6416,"self":103.6831552,"total":103.6831562,"children":null},"AgentAct":{"count":6416,"self":2.8531394,"total":3.2850219,"children":{"GridSensor.Update":{"count":234,"self":0.380909,"total":0.380909,"children":null},"AgentInfo.ToProto":{"count":234,"self":0.0060846,"total":0.0509735,"children":{"GenerateSensorData":{"count":234,"self":0.0161544,"total":0.044888899999999995,"children":{"GridSensor.GetCompressedObservation":{"count":234,"self":0.0287345,"total":0.0287345,"children":null}}}}}}}},"gauges":{"BombermanAIBehavior.CumulativeReward":{"count":234,"max":19.8000355,"min":-4.599998,"runningAverage":1.01794922,"value":19.8000355,"weightedAverage":5.215958}},"metadata":{"timer_format_version":"0.1.0","start_time_seconds":"1623673394","unity_version":"2019.4.24f1","command_line_arguments":"C:\\Program Files\\Unity\\Hub\\Editor\\2019.4.24f1\\Editor\\Unity.exe -projectpath C:\/Users\/dawid\/Desktop\/Bomberman\/Projekt -useHub -hubIPC -cloudEnvironment production -hubSessionId 184a3010-ccee-11eb-835f-0f68c2b0c551 -accessToken 4PP21FC6uvc8rsyj3TwR2IHMyA4vxYqJM2PReDrfnlc007f","communication_protocol_version":"1.5.0","com.unity.ml-agents_version":"2.1.0-exp.1","scene_name":"AIScene","end_time_seconds":"1623673800"}}